51,categorical,100920,both_sexes,2106,,Type milk consumed,"Question asked: ""Which type of milk did you use most frequently yesterday? Remember milk in drinks, on cereal and in cooking."" If the participant activated the Help feature they were shown the message:  If you typically use more than one type of milk, please select the one you use the most, even if it is only used slightly more than other types. If you had 1% fat milk (e.g. Sainsbury's orange top milk) then please select Semi-skimmed milk.",soya without calcium,Online follow-up > Diet by 24-hour recall > Milk/eggs/cheese yesterday,947,610,337,EUR,1,,,,,757,,,,,,58133,,,,,,0.12161,,,,,,1.0134,,categorical-100920-both_sexes-2106.tsv.bgz,categorical-100920-both_sexes-2106.tsv.bgz.tbi,https://pan-ukb-us-east-1.s3.amazonaws.com/sumstats_flat_files/categorical-100920-both_sexes-2106.tsv.bgz,https://pan-ukb-us-east-1.s3.amazonaws.com/sumstats_flat_files_tabix/categorical-100920-both_sexes-2106.tsv.bgz.tbi,wget https://pan-ukb-us-east-1.s3.amazonaws.com/sumstats_flat_files/categorical-100920-both_sexes-2106.tsv.bgz,wget https://pan-ukb-us-east-1.s3.amazonaws.com/sumstats_flat_files_tabix/categorical-100920-both_sexes-2106.tsv.bgz.tbi,532084452,1751079,8ce0410ba6eb608dfb72565a4f4e8f14,543ff634a448afc5661b255cf5f793c4
54,categorical,100920,both_sexes,2109,,Type milk consumed,"Question asked: ""Which type of milk did you use most frequently yesterday? Remember milk in drinks, on cereal and in cooking."" If the participant activated the Help feature they were shown the message:  If you typically use more than one type of milk, please select the one you use the most, even if it is only used slightly more than other types. If you had 1% fat milk (e.g. Sainsbury's orange top milk) then please select Semi-skimmed milk.",powdered milk,Online follow-up > Diet by 24-hour recall > Milk/eggs/cheese yesterday,332,177,155,EUR,1,,,,,269,,,,,,58621,,,,,,0.11825,,,,,,1.0114,,categorical-100920-both_sexes-2109.tsv.bgz,categorical-100920-both_sexes-2109.tsv.bgz.tbi,https://pan-ukb-us-east-1.s3.amazonaws.com/sumstats_flat_files/categorical-100920-both_sexes-2109.tsv.bgz,https://pan-ukb-us-east-1.s3.amazonaws.com/sumstats_flat_files_tabix/categorical-100920-both_sexes-2109.tsv.bgz.tbi,wget https://pan-ukb-us-east-1.s3.amazonaws.com/sumstats_flat_files/categorical-100920-both_sexes-2109.tsv.bgz,wget https://pan-ukb-us-east-1.s3.amazonaws.com/sumstats_flat_files_tabix/categorical-100920-both_sexes-2109.tsv.bgz.tbi,519157766,1750675,7aaa2bcd6424a2aa7a41b9673a39aee9,5a0c7708c3338b5f3fb2b3e7a8e57ebc
56,categorical,100920,both_sexes,2199,,Type milk consumed,"Question asked: ""Which type of milk did you use most frequently yesterday? Remember milk in drinks, on cereal and in cooking."" If the participant activated the Help feature they were shown the message:  If you typically use more than one type of milk, please select the one you use the most, even if it is only used slightly more than other types. If you had 1% fat milk (e.g. Sainsbury's orange top milk) then please select Semi-skimmed milk.",other type of milk,Online follow-up > Diet by 24-hour recall > Milk/eggs/cheese yesterday,367,243,124,EUR,1,,,,,272,,,,,,58618,,,,,,0.16072,,,,,,1.0164,,categorical-100920-both_sexes-2199.tsv.bgz,categorical-100920-both_sexes-2199.tsv.bgz.tbi,https://pan-ukb-us-east-1.s3.amazonaws.com/sumstats_flat_files/categorical-100920-both_sexes-2199.tsv.bgz,https://pan-ukb-us-east-1.s3.amazonaws.com/sumstats_flat_files_tabix/categorical-100920-both_sexes-2199.tsv.bgz.tbi,wget https://pan-ukb-us-east-1.s3.amazonaws.com/sumstats_flat_files/categorical-100920-both_sexes-2199.tsv.bgz,wget https://pan-ukb-us-east-1.s3.amazonaws.com/sumstats_flat_files_tabix/categorical-100920-both_sexes-2199.tsv.bgz.tbi,519472890,1750881,967ddc625700aed6c40e8e089bbf48c8,98ce8e67b21eb0dadca62b3bcc934597
89,categorical,12223,both_sexes,6,,Abdominal MRI measuring method,.,Not performed - equipment failure,UK Biobank Assessment Centre > Imaging > Abdominal MRI,331,169,162,EUR,1,,,,,305,,,,,,36532,,,,,,0.070842,,,,,,1.0113,,categorical-12223-both_sexes-6.tsv.bgz,categorical-12223-both_sexes-6.tsv.bgz.tbi,https://pan-ukb-us-east-1.s3.amazonaws.com/sumstats_flat_files/categorical-12223-both_sexes-6.tsv.bgz,https://pan-ukb-us-east-1.s3.amazonaws.com/sumstats_flat_files_tabix/categorical-12223-both_sexes-6.tsv.bgz.tbi,wget https://pan-ukb-us-east-1.s3.amazonaws.com/sumstats_flat_files/categorical-12223-both_sexes-6.tsv.bgz,wget https://pan-ukb-us-east-1.s3.amazonaws.com/sumstats_flat_files_tabix/categorical-12223-both_sexes-6.tsv.bgz.tbi,514893847,1749744,e14d7ec03d68b03d99346ae913b108d7,91ddc05099648f91323aa138e6204c5c
93,categorical,12253,both_sexes,6,,DXA measuring method,.,Not performed - equipment failure,UK Biobank Assessment Centre > Imaging > DXA assessment,759,392,367,EUR,1,,,,,688,,,,,,36664,,,,,,0.10497,,,,,,1.0082,,categorical-12253-both_sexes-6.tsv.bgz,categorical-12253-both_sexes-6.tsv.bgz.tbi,https://pan-ukb-us-east-1.s3.amazonaws.com/sumstats_flat_files/categorical-12253-both_sexes-6.tsv.bgz,https://pan-ukb-us-east-1.s3.amazonaws.com/sumstats_flat_files_tabix/categorical-12253-both_sexes-6.tsv.bgz.tbi,wget https://pan-ukb-us-east-1.s3.amazonaws.com/sumstats_flat_files/categorical-12253-both_sexes-6.tsv.bgz,wget https://pan-ukb-us-east-1.s3.amazonaws.com/sumstats_flat_files_tabix/categorical-12253-both_sexes-6.tsv.bgz.tbi,524022947,1750500,ebc47c4bf505d0955e034ec581839f72,e7791d47c843a847aa965d1c7bd8e2b2
124,categorical,1647,both_sexes,2,,Country of birth (UK/elsewhere),"ACE touchscreen question ""Where were you born?""   Participants who indicated they were born inside the United Kingdom were asked during the verbal interview in what area they had been born (~F129~ and ~F130~).   Participants who indicated they were born outside the United Kingdom and Republic of Ireland were asked during the verbal interview in what country they had been born (~F20115~) and when they had immigrated (~F3659~).   This question was dropped from the touchscreen protocol on 24/10/2016.",Wales,UK Biobank Assessment Centre > Touchscreen > Early life factors,21434,11540,9894,EUR,1,,,,,20100,,,,,,400110,,,,,,0.23337,,,,,,1.202,,categorical-1647-both_sexes-2.tsv.bgz,categorical-1647-both_sexes-2.tsv.bgz.tbi,https://pan-ukb-us-east-1.s3.amazonaws.com/sumstats_flat_files/categorical-1647-both_sexes-2.tsv.bgz,https://pan-ukb-us-east-1.s3.amazonaws.com/sumstats_flat_files_tabix/categorical-1647-both_sexes-2.tsv.bgz.tbi,wget https://pan-ukb-us-east-1.s3.amazonaws.com/sumstats_flat_files/categorical-1647-both_sexes-2.tsv.bgz,wget https://pan-ukb-us-east-1.s3.amazonaws.com/sumstats_flat_files_tabix/categorical-1647-both_sexes-2.tsv.bgz.tbi,548403498,1752148,0faf40b09503e51f6b8af8725cf3a763,9395ab303281a4c4167f4e8d05191678
125,categorical,1647,both_sexes,3,,Country of birth (UK/elsewhere),"ACE touchscreen question ""Where were you born?""   Participants who indicated they were born inside the United Kingdom were asked during the verbal interview in what area they had been born (~F129~ and ~F130~).   Participants who indicated they were born outside the United Kingdom and Republic of Ireland were asked during the verbal interview in what country they had been born (~F20115~) and when they had immigrated (~F3659~).   This question was dropped from the touchscreen protocol on 24/10/2016.",Scotland,UK Biobank Assessment Centre > Touchscreen > Early life factors,38894,21358,17536,EUR,1,,,,,34770,,,,,,385440,,,,,,0.17011,,,,,,1.1875,,categorical-1647-both_sexes-3.tsv.bgz,categorical-1647-both_sexes-3.tsv.bgz.tbi,https://pan-ukb-us-east-1.s3.amazonaws.com/sumstats_flat_files/categorical-1647-both_sexes-3.tsv.bgz,https://pan-ukb-us-east-1.s3.amazonaws.com/sumstats_flat_files_tabix/categorical-1647-both_sexes-3.tsv.bgz.tbi,wget https://pan-ukb-us-east-1.s3.amazonaws.com/sumstats_flat_files/categorical-1647-both_sexes-3.tsv.bgz,wget https://pan-ukb-us-east-1.s3.amazonaws.com/sumstats_flat_files_tabix/categorical-1647-both_sexes-3.tsv.bgz.tbi,548166248,1752325,081239b46d1efa84c88afc0fe339d9ab,b87807e45440354fd0d3e06f8927441d
126,categorical,1647,both_sexes,4,,Country of birth (UK/elsewhere),"ACE touchscreen question ""Where were you born?""   Participants who indicated they were born inside the United Kingdom were asked during the verbal interview in what area they had been born (~F129~ and ~F130~).   Participants who indicated they were born outside the United Kingdom and Republic of Ireland were asked during the verbal interview in what country they had been born (~F20115~) and when they had immigrated (~F3659~).   This question was dropped from the touchscreen protocol on 24/10/2016.",Northern Ireland,UK Biobank Assessment Centre > Touchscreen > Early life factors,2967,1585,1382,EUR,1,,,,,2310,,,,,,417900,,,,,,0.42166,,,,,,1.0066,,categorical-1647-both_sexes-4.tsv.bgz,categorical-1647-both_sexes-4.tsv.bgz.tbi,https://pan-ukb-us-east-1.s3.amazonaws.com/sumstats_flat_files/categorical-1647-both_sexes-4.tsv.bgz,https://pan-ukb-us-east-1.s3.amazonaws.com/sumstats_flat_files_tabix/categorical-1647-both_sexes-4.tsv.bgz.tbi,wget https://pan-ukb-us-east-1.s3.amazonaws.com/sumstats_flat_files/categorical-1647-both_sexes-4.tsv.bgz,wget https://pan-ukb-us-east-1.s3.amazonaws.com/sumstats_flat_files_tabix/categorical-1647-both_sexes-4.tsv.bgz.tbi,541730289,1752037,3c0bdcb6be5cea6602584fb67c2a793f,249d76c189dd1bd878b0aeb4a83e496a
127,categorical,1647,both_sexes,5,,Country of birth (UK/elsewhere),"ACE touchscreen question ""Where were you born?""   Participants who indicated they were born inside the United Kingdom were asked during the verbal interview in what area they had been born (~F129~ and ~F130~).   Participants who indicated they were born outside the United Kingdom and Republic of Ireland were asked during the verbal interview in what country they had been born (~F20115~) and when they had immigrated (~F3659~).   This question was dropped from the touchscreen protocol on 24/10/2016.",Republic of Ireland,UK Biobank Assessment Centre > Touchscreen > Early life factors,4765,2729,2036,EUR,1,,,,,3106,,,,,,417104,,,,,,0.183,,,,,,1.0202,,categorical-1647-both_sexes-5.tsv.bgz,categorical-1647-both_sexes-5.tsv.bgz.tbi,https://pan-ukb-us-east-1.s3.amazonaws.com/sumstats_flat_files/categorical-1647-both_sexes-5.tsv.bgz,https://pan-ukb-us-east-1.s3.amazonaws.com/sumstats_flat_files_tabix/categorical-1647-both_sexes-5.tsv.bgz.tbi,wget https://pan-ukb-us-east-1.s3.amazonaws.com/sumstats_flat_files/categorical-1647-both_sexes-5.tsv.bgz,wget https://pan-ukb-us-east-1.s3.amazonaws.com/sumstats_flat_files_tabix/categorical-1647-both_sexes-5.tsv.bgz.tbi,542990252,1751801,10f676b3454e3384e5726547c208aefd,a32f28042f34c9820e38c89f4f0334bc
133,categorical,1747,both_sexes,1,,"Hair colour (natural, before greying)","ACE touchscreen question ""What best describes your natural hair colour? (If your hair colour is grey, the colour before you went grey)""  If the participant activated the Help button they were shown the message:        If you are unsure, please select the colour closest to your natural  adult hair colour or select Do not know.          This question was dropped from the touchscreen protocol on 24/10/2016.",Blonde,UK Biobank Assessment Centre > Touchscreen > Lifestyle and environment > Sun exposure,51325,30965,20360,EUR,1,,,,,47978,,,,,,371503,,,,,,0.1848,,,,,,1.195,,categorical-1747-both_sexes-1.tsv.bgz,categorical-1747-both_sexes-1.tsv.bgz.tbi,https://pan-ukb-us-east-1.s3.amazonaws.com/sumstats_flat_files/categorical-1747-both_sexes-1.tsv.bgz,https://pan-ukb-us-east-1.s3.amazonaws.com/sumstats_flat_files_tabix/categorical-1747-both_sexes-1.tsv.bgz.tbi,wget https://pan-ukb-us-east-1.s3.amazonaws.com/sumstats_flat_files/categorical-1747-both_sexes-1.tsv.bgz,wget https://pan-ukb-us-east-1.s3.amazonaws.com/sumstats_flat_files_tabix/categorical-1747-both_sexes-1.tsv.bgz.tbi,548358232,1752175,dc85062c365eb420af647589ba5b9a9c,e1e42b0337aea04b2b686e98aebc6b43
134,categorical,1747,both_sexes,2,,"Hair colour (natural, before greying)","ACE touchscreen question ""What best describes your natural hair colour? (If your hair colour is grey, the colour before you went grey)""  If the participant activated the Help button they were shown the message:        If you are unsure, please select the colour closest to your natural  adult hair colour or select Do not know.          This question was dropped from the touchscreen protocol on 24/10/2016.",Red,UK Biobank Assessment Centre > Touchscreen > Lifestyle and environment > Sun exposure,20712,12815,7897,EUR,1,,,,,19254,,,,,,400227,,,,,,0.20786,,,,,,1.0731,,categorical-1747-both_sexes-2.tsv.bgz,categorical-1747-both_sexes-2.tsv.bgz.tbi,https://pan-ukb-us-east-1.s3.amazonaws.com/sumstats_flat_files/categorical-1747-both_sexes-2.tsv.bgz,https://pan-ukb-us-east-1.s3.amazonaws.com/sumstats_flat_files_tabix/categorical-1747-both_sexes-2.tsv.bgz.tbi,wget https://pan-ukb-us-east-1.s3.amazonaws.com/sumstats_flat_files/categorical-1747-both_sexes-2.tsv.bgz,wget https://pan-ukb-us-east-1.s3.amazonaws.com/sumstats_flat_files_tabix/categorical-1747-both_sexes-2.tsv.bgz.tbi,547463102,1752185,bc0154601bf430133a259d1682a27416,4d8ea929d134b44a2c0d81faf8554f60
1517,categorical,20115,both_sexes,143,,Country of Birth (non-UK origin),"This is the country of birth as described by the participant to an interviewer. The question was only asked to participants who identified themselves as having been born outside of the United Kingdom / Republic of Ireland during the touchscreen questionnaire (~F1647~), however some participants then gave a location within the United Kingdom / Republic of Ireland (and have been coded here as such).  Answers have been grouped by continent. Coding was performed after the assessment visit using the strings either selected or entered as free-text. Some of the free-text could not be mapped onto a region and these entries have been omitted from the dataset.",South Africa,UK Biobank Assessment Centre > Verbal interview > Early life factors,1352,837,515,EUR,1,,,,,874,,,,,,10744,,,,,,0.25165,,,,,,1.0126,,categorical-20115-both_sexes-143.tsv.bgz,categorical-20115-both_sexes-143.tsv.bgz.tbi,https://pan-ukb-us-east-1.s3.amazonaws.com/sumstats_flat_files/categorical-20115-both_sexes-143.tsv.bgz,https://pan-ukb-us-east-1.s3.amazonaws.com/sumstats_flat_files_tabix/categorical-20115-both_sexes-143.tsv.bgz.tbi,wget https://pan-ukb-us-east-1.s3.amazonaws.com/sumstats_flat_files/categorical-20115-both_sexes-143.tsv.bgz,wget https://pan-ukb-us-east-1.s3.amazonaws.com/sumstats_flat_files_tabix/categorical-20115-both_sexes-143.tsv.bgz.tbi,514535970,1747561,f5bd23cc42306b7f6d959a9767acf134,b712754b06ccc63c5cc740883f2aa557
1522,categorical,20115,both_sexes,152,,Country of Birth (non-UK origin),"This is the country of birth as described by the participant to an interviewer. The question was only asked to participants who identified themselves as having been born outside of the United Kingdom / Republic of Ireland during the touchscreen questionnaire (~F1647~), however some participants then gave a location within the United Kingdom / Republic of Ireland (and have been coded here as such).  Answers have been grouped by continent. Coding was performed after the assessment visit using the strings either selected or entered as free-text. Some of the free-text could not be mapped onto a region and these entries have been omitted from the dataset.",Zimbabwe,UK Biobank Assessment Centre > Verbal interview > Early life factors,740,455,285,EUR,1,,,,,364,,,,,,11254,,,,,,0.14338,,,,,,1.0238,,categorical-20115-both_sexes-152.tsv.bgz,categorical-20115-both_sexes-152.tsv.bgz.tbi,https://pan-ukb-us-east-1.s3.amazonaws.com/sumstats_flat_files/categorical-20115-both_sexes-152.tsv.bgz,https://pan-ukb-us-east-1.s3.amazonaws.com/sumstats_flat_files_tabix/categorical-20115-both_sexes-152.tsv.bgz.tbi,wget https://pan-ukb-us-east-1.s3.amazonaws.com/sumstats_flat_files/categorical-20115-both_sexes-152.tsv.bgz,wget https://pan-ukb-us-east-1.s3.amazonaws.com/sumstats_flat_files_tabix/categorical-20115-both_sexes-152.tsv.bgz.tbi,504113937,1747435,041a20ff58886ea40d0cf28fe97e1ff4,bedee4217372ec42a56c8119359ba949
1540,categorical,20115,both_sexes,318,,Country of Birth (non-UK origin),"This is the country of birth as described by the participant to an interviewer. The question was only asked to participants who identified themselves as having been born outside of the United Kingdom / Republic of Ireland during the touchscreen questionnaire (~F1647~), however some participants then gave a location within the United Kingdom / Republic of Ireland (and have been coded here as such).  Answers have been grouped by continent. Coding was performed after the assessment visit using the strings either selected or entered as free-text. Some of the free-text could not be mapped onto a region and these entries have been omitted from the dataset.",France,UK Biobank Assessment Centre > Verbal interview > Early life factors,850,613,237,EUR,1,,,,,579,,,,,,11039,,,,,,0.1329,,,,,,0.98298,,categorical-20115-both_sexes-318.tsv.bgz,categorical-20115-both_sexes-318.tsv.bgz.tbi,https://pan-ukb-us-east-1.s3.amazonaws.com/sumstats_flat_files/categorical-20115-both_sexes-318.tsv.bgz,https://pan-ukb-us-east-1.s3.amazonaws.com/sumstats_flat_files_tabix/categorical-20115-both_sexes-318.tsv.bgz.tbi,wget https://pan-ukb-us-east-1.s3.amazonaws.com/sumstats_flat_files/categorical-20115-both_sexes-318.tsv.bgz,wget https://pan-ukb-us-east-1.s3.amazonaws.com/sumstats_flat_files_tabix/categorical-20115-both_sexes-318.tsv.bgz.tbi,511210408,1747894,2dc604e1854ee55dd9d798d35d9c98bc,560c41873bcdd8e3cd3b90c5276dee9a
1541,categorical,20115,both_sexes,320,,Country of Birth (non-UK origin),"This is the country of birth as described by the participant to an interviewer. The question was only asked to participants who identified themselves as having been born outside of the United Kingdom / Republic of Ireland during the touchscreen questionnaire (~F1647~), however some participants then gave a location within the United Kingdom / Republic of Ireland (and have been coded here as such).  Answers have been grouped by continent. Coding was performed after the assessment visit using the strings either selected or entered as free-text. Some of the free-text could not be mapped onto a region and these entries have been omitted from the dataset.",Germany,UK Biobank Assessment Centre > Verbal interview > Early life factors,2120,1409,711,EUR,1,,,,,1427,,,,,,10191,,,,,,0.083953,,,,,,0.95649,,categorical-20115-both_sexes-320.tsv.bgz,categorical-20115-both_sexes-320.tsv.bgz.tbi,https://pan-ukb-us-east-1.s3.amazonaws.com/sumstats_flat_files/categorical-20115-both_sexes-320.tsv.bgz,https://pan-ukb-us-east-1.s3.amazonaws.com/sumstats_flat_files_tabix/categorical-20115-both_sexes-320.tsv.bgz.tbi,wget https://pan-ukb-us-east-1.s3.amazonaws.com/sumstats_flat_files/categorical-20115-both_sexes-320.tsv.bgz,wget https://pan-ukb-us-east-1.s3.amazonaws.com/sumstats_flat_files_tabix/categorical-20115-both_sexes-320.tsv.bgz.tbi,515414710,1747933,05f12e9ad3ffe174b4d032653418f593,14f1057ee92a8cf4e3c247780fd68f0a
1543,categorical,20115,both_sexes,336,,Country of Birth (non-UK origin),"This is the country of birth as described by the participant to an interviewer. The question was only asked to participants who identified themselves as having been born outside of the United Kingdom / Republic of Ireland during the touchscreen questionnaire (~F1647~), however some participants then gave a location within the United Kingdom / Republic of Ireland (and have been coded here as such).  Answers have been grouped by continent. Coding was performed after the assessment visit using the strings either selected or entered as free-text. Some of the free-text could not be mapped onto a region and these entries have been omitted from the dataset.",Netherlands,UK Biobank Assessment Centre > Verbal interview > Early life factors,487,338,149,EUR,1,,,,,434,,,,,,11184,,,,,,0.16286,,,,,,0.98251,,categorical-20115-both_sexes-336.tsv.bgz,categorical-20115-both_sexes-336.tsv.bgz.tbi,https://pan-ukb-us-east-1.s3.amazonaws.com/sumstats_flat_files/categorical-20115-both_sexes-336.tsv.bgz,https://pan-ukb-us-east-1.s3.amazonaws.com/sumstats_flat_files_tabix/categorical-20115-both_sexes-336.tsv.bgz.tbi,wget https://pan-ukb-us-east-1.s3.amazonaws.com/sumstats_flat_files/categorical-20115-both_sexes-336.tsv.bgz,wget https://pan-ukb-us-east-1.s3.amazonaws.com/sumstats_flat_files_tabix/categorical-20115-both_sexes-336.tsv.bgz.tbi,503938281,1747676,f5c5db3d1ab37e61d719b45930887b8b,d0705f936f60f1a72a7deb1b0ac1ce66
1546,categorical,20115,both_sexes,354,,Country of Birth (non-UK origin),"This is the country of birth as described by the participant to an interviewer. The question was only asked to participants who identified themselves as having been born outside of the United Kingdom / Republic of Ireland during the touchscreen questionnaire (~F1647~), however some participants then gave a location within the United Kingdom / Republic of Ireland (and have been coded here as such).  Answers have been grouped by continent. Coding was performed after the assessment visit using the strings either selected or entered as free-text. Some of the free-text could not be mapped onto a region and these entries have been omitted from the dataset.",United Kingdom,UK Biobank Assessment Centre > Verbal interview > Early life factors,687,360,327,EUR,1,,,,,608,,,,,,11010,,,,,,0.10419,,,,,,1.0138,,categorical-20115-both_sexes-354.tsv.bgz,categorical-20115-both_sexes-354.tsv.bgz.tbi,https://pan-ukb-us-east-1.s3.amazonaws.com/sumstats_flat_files/categorical-20115-both_sexes-354.tsv.bgz,https://pan-ukb-us-east-1.s3.amazonaws.com/sumstats_flat_files_tabix/categorical-20115-both_sexes-354.tsv.bgz.tbi,wget https://pan-ukb-us-east-1.s3.amazonaws.com/sumstats_flat_files/categorical-20115-both_sexes-354.tsv.bgz,wget https://pan-ukb-us-east-1.s3.amazonaws.com/sumstats_flat_files_tabix/categorical-20115-both_sexes-354.tsv.bgz.tbi,507605292,1747384,5151763135a8230f687c6f954b2dc3f1,ac9b476e53e8eb019932a8ae2213d511
1549,categorical,20115,both_sexes,409,,Country of Birth (non-UK origin),"This is the country of birth as described by the participant to an interviewer. The question was only asked to participants who identified themselves as having been born outside of the United Kingdom / Republic of Ireland during the touchscreen questionnaire (~F1647~), however some participants then gave a location within the United Kingdom / Republic of Ireland (and have been coded here as such).  Answers have been grouped by continent. Coding was performed after the assessment visit using the strings either selected or entered as free-text. Some of the free-text could not be mapped onto a region and these entries have been omitted from the dataset.",Canada,UK Biobank Assessment Centre > Verbal interview > Early life factors,726,484,242,EUR,1,,,,,623,,,,,,10995,,,,,,0.094114,,,,,,0.98405,,categorical-20115-both_sexes-409.tsv.bgz,categorical-20115-both_sexes-409.tsv.bgz.tbi,https://pan-ukb-us-east-1.s3.amazonaws.com/sumstats_flat_files/categorical-20115-both_sexes-409.tsv.bgz,https://pan-ukb-us-east-1.s3.amazonaws.com/sumstats_flat_files_tabix/categorical-20115-both_sexes-409.tsv.bgz.tbi,wget https://pan-ukb-us-east-1.s3.amazonaws.com/sumstats_flat_files/categorical-20115-both_sexes-409.tsv.bgz,wget https://pan-ukb-us-east-1.s3.amazonaws.com/sumstats_flat_files_tabix/categorical-20115-both_sexes-409.tsv.bgz.tbi,508703174,1748411,1b3ff9b0083ea3d29f85bb3cf17b4be2,c9d42972c10d0d552523a65f8a5f1f94
1550,categorical,20115,both_sexes,434,,Country of Birth (non-UK origin),"This is the country of birth as described by the participant to an interviewer. The question was only asked to participants who identified themselves as having been born outside of the United Kingdom / Republic of Ireland during the touchscreen questionnaire (~F1647~), however some participants then gave a location within the United Kingdom / Republic of Ireland (and have been coded here as such).  Answers have been grouped by continent. Coding was performed after the assessment visit using the strings either selected or entered as free-text. Some of the free-text could not be mapped onto a region and these entries have been omitted from the dataset.",USA,UK Biobank Assessment Centre > Verbal interview > Early life factors,1378,937,441,EUR,1,,,,,898,,,,,,10720,,,,,,0.079435,,,,,,1.0037,,categorical-20115-both_sexes-434.tsv.bgz,categorical-20115-both_sexes-434.tsv.bgz.tbi,https://pan-ukb-us-east-1.s3.amazonaws.com/sumstats_flat_files/categorical-20115-both_sexes-434.tsv.bgz,https://pan-ukb-us-east-1.s3.amazonaws.com/sumstats_flat_files_tabix/categorical-20115-both_sexes-434.tsv.bgz.tbi,wget https://pan-ukb-us-east-1.s3.amazonaws.com/sumstats_flat_files/categorical-20115-both_sexes-434.tsv.bgz,wget https://pan-ukb-us-east-1.s3.amazonaws.com/sumstats_flat_files_tabix/categorical-20115-both_sexes-434.tsv.bgz.tbi,512330278,1747801,f836da168c7d1387f57469f6722b2ba3,765437ea094d7c0570166de13fb97415
1551,categorical,20115,both_sexes,502,,Country of Birth (non-UK origin),"This is the country of birth as described by the participant to an interviewer. The question was only asked to participants who identified themselves as having been born outside of the United Kingdom / Republic of Ireland during the touchscreen questionnaire (~F1647~), however some participants then gave a location within the United Kingdom / Republic of Ireland (and have been coded here as such).  Answers have been grouped by continent. Coding was performed after the assessment visit using the strings either selected or entered as free-text. Some of the free-text could not be mapped onto a region and these entries have been omitted from the dataset.",Australia,UK Biobank Assessment Centre > Verbal interview > Early life factors,915,561,354,EUR,1,,,,,806,,,,,,10812,,,,,,0.10152,,,,,,0.98186,,categorical-20115-both_sexes-502.tsv.bgz,categorical-20115-both_sexes-502.tsv.bgz.tbi,https://pan-ukb-us-east-1.s3.amazonaws.com/sumstats_flat_files/categorical-20115-both_sexes-502.tsv.bgz,https://pan-ukb-us-east-1.s3.amazonaws.com/sumstats_flat_files_tabix/categorical-20115-both_sexes-502.tsv.bgz.tbi,wget https://pan-ukb-us-east-1.s3.amazonaws.com/sumstats_flat_files/categorical-20115-both_sexes-502.tsv.bgz,wget https://pan-ukb-us-east-1.s3.amazonaws.com/sumstats_flat_files_tabix/categorical-20115-both_sexes-502.tsv.bgz.tbi,510696378,1747766,cd6e502733746ca86d3b1c021df1aaf8,dd9d9d3d1f00e63dbc44025b7cca3a90
1552,categorical,20115,both_sexes,505,,Country of Birth (non-UK origin),"This is the country of birth as described by the participant to an interviewer. The question was only asked to participants who identified themselves as having been born outside of the United Kingdom / Republic of Ireland during the touchscreen questionnaire (~F1647~), however some participants then gave a location within the United Kingdom / Republic of Ireland (and have been coded here as such).  Answers have been grouped by continent. Coding was performed after the assessment visit using the strings either selected or entered as free-text. Some of the free-text could not be mapped onto a region and these entries have been omitted from the dataset.",New Zealand,UK Biobank Assessment Centre > Verbal interview > Early life factors,684,400,284,EUR,1,,,,,620,,,,,,10998,,,,,,0.123,,,,,,1.0091,,categorical-20115-both_sexes-505.tsv.bgz,categorical-20115-both_sexes-505.tsv.bgz.tbi,https://pan-ukb-us-east-1.s3.amazonaws.com/sumstats_flat_files/categorical-20115-both_sexes-505.tsv.bgz,https://pan-ukb-us-east-1.s3.amazonaws.com/sumstats_flat_files_tabix/categorical-20115-both_sexes-505.tsv.bgz.tbi,wget https://pan-ukb-us-east-1.s3.amazonaws.com/sumstats_flat_files/categorical-20115-both_sexes-505.tsv.bgz,wget https://pan-ukb-us-east-1.s3.amazonaws.com/sumstats_flat_files_tabix/categorical-20115-both_sexes-505.tsv.bgz.tbi,508236144,1747844,6f9de69ca747aa62d6f99b54792e9907,0c243f2b8c220e0c364dc62838405060
1695,categorical,21000,both_sexes,1,,Ethnic background,This is an amalgam of sequential branching questions asked during the initial Assessment Centre visit as part of the touchscreen questionnaire.    The question was dropped from the touchscreen protocol on 24/10/2016.,White,UK Biobank Assessment Centre > Touchscreen > Sociodemographics > Ethnicity,537,230,307,EUR,1,,,,,420,,,,,,418823,,,,,,0.24769,,,,,,1.0204,,categorical-21000-both_sexes-1.tsv.bgz,categorical-21000-both_sexes-1.tsv.bgz.tbi,https://pan-ukb-us-east-1.s3.amazonaws.com/sumstats_flat_files/categorical-21000-both_sexes-1.tsv.bgz,https://pan-ukb-us-east-1.s3.amazonaws.com/sumstats_flat_files_tabix/categorical-21000-both_sexes-1.tsv.bgz.tbi,wget https://pan-ukb-us-east-1.s3.amazonaws.com/sumstats_flat_files/categorical-21000-both_sexes-1.tsv.bgz,wget https://pan-ukb-us-east-1.s3.amazonaws.com/sumstats_flat_files_tabix/categorical-21000-both_sexes-1.tsv.bgz.tbi,527719330,1751166,e932c59ac4dc1267abf8c8640e767481,33a33705c49c95c12c6b1a78cf17ee00
1697,categorical,21000,both_sexes,1002,,Ethnic background,This is an amalgam of sequential branching questions asked during the initial Assessment Centre visit as part of the touchscreen questionnaire.    The question was dropped from the touchscreen protocol on 24/10/2016.,Irish,UK Biobank Assessment Centre > Touchscreen > Sociodemographics > Ethnicity,12647,6583,6064,EUR,1,,,,,8208,,,,,,411035,,,,,,0.13644,,,,,,1.0664,,categorical-21000-both_sexes-1002.tsv.bgz,categorical-21000-both_sexes-1002.tsv.bgz.tbi,https://pan-ukb-us-east-1.s3.amazonaws.com/sumstats_flat_files/categorical-21000-both_sexes-1002.tsv.bgz,https://pan-ukb-us-east-1.s3.amazonaws.com/sumstats_flat_files_tabix/categorical-21000-both_sexes-1002.tsv.bgz.tbi,wget https://pan-ukb-us-east-1.s3.amazonaws.com/sumstats_flat_files/categorical-21000-both_sexes-1002.tsv.bgz,wget https://pan-ukb-us-east-1.s3.amazonaws.com/sumstats_flat_files_tabix/categorical-21000-both_sexes-1002.tsv.bgz.tbi,547086298,1752085,df242a7fd24caeb0f37dedb80e2dd36e,e15f99fb55883f4c41a6b86c65fb1fdf
1715,categorical,22006,both_sexes,22006,,Genetic ethnic grouping,Genetic ethnic group.   Indicates samples who self-identified as 'White British' according to ~F21000~ and have very similar genetic ancestry based on a principal components analysis of the genotypes.,,Genomics > Genotypes > Genotyping process and sample QC,406252,219607,186645,EUR,1,,,,,394932,,,,,,25396,,,,,,0.18822,,,,,,1.7862,,categorical-22006-both_sexes-22006.tsv.bgz,categorical-22006-both_sexes-22006.tsv.bgz.tbi,https://pan-ukb-us-east-1.s3.amazonaws.com/sumstats_flat_files/categorical-22006-both_sexes-22006.tsv.bgz,https://pan-ukb-us-east-1.s3.amazonaws.com/sumstats_flat_files_tabix/categorical-22006-both_sexes-22006.tsv.bgz.tbi,wget https://pan-ukb-us-east-1.s3.amazonaws.com/sumstats_flat_files/categorical-22006-both_sexes-22006.tsv.bgz,wget https://pan-ukb-us-east-1.s3.amazonaws.com/sumstats_flat_files_tabix/categorical-22006-both_sexes-22006.tsv.bgz.tbi,548660252,1752466,b89fda6aae9c0928a016ce312e69bb7c,f599099249818d8957c390d87e732632
3315,categorical,41248,both_sexes,1002,,Destinations on discharge from hospital (recoded),"This field is a summary of the distinct destination on discharge codes a participant has had recorded in their hospital inpatient records. Destination on discharge identifies whether a patient was due to return to their usual place of residence on leaving hospital, or whether they were due to go elsewhere.  Note that the original information was obtained from a variety of external sources, some of which used overlapping and contradictory coding schemes. This field has been re-coded to remove such data conflicts.  This field corresponds to the field DISDEST_UNI on the HESIN table; see the Inpatient Data Dictionary (~R141140~) in ~L2000~ for information about the HESIN table.  In order to conduct detailed analyses of this data using the source information, researchers will need to gain access to the HESIN table by adding ~F41259~ to their basket.",Usual Place of residence: Living alone,Health-related outcomes > Hospital inpatient > Summary Administration,3963,2245,1718,EUR,1,,,,,3357,,,,,,408858,,,,,,0.15355,,,,,,1.0591,,categorical-41248-both_sexes-1002.tsv.bgz,categorical-41248-both_sexes-1002.tsv.bgz.tbi,https://pan-ukb-us-east-1.s3.amazonaws.com/sumstats_flat_files/categorical-41248-both_sexes-1002.tsv.bgz,https://pan-ukb-us-east-1.s3.amazonaws.com/sumstats_flat_files_tabix/categorical-41248-both_sexes-1002.tsv.bgz.tbi,wget https://pan-ukb-us-east-1.s3.amazonaws.com/sumstats_flat_files/categorical-41248-both_sexes-1002.tsv.bgz,wget https://pan-ukb-us-east-1.s3.amazonaws.com/sumstats_flat_files_tabix/categorical-41248-both_sexes-1002.tsv.bgz.tbi,544083954,1751996,2c4fb35b8070cf4aa5f29d27cdd444d6,277b29e864009585e590fd06fbae2ce6
3318,categorical,41248,both_sexes,3001,,Destinations on discharge from hospital (recoded),"This field is a summary of the distinct destination on discharge codes a participant has had recorded in their hospital inpatient records. Destination on discharge identifies whether a patient was due to return to their usual place of residence on leaving hospital, or whether they were due to go elsewhere.  Note that the original information was obtained from a variety of external sources, some of which used overlapping and contradictory coding schemes. This field has been re-coded to remove such data conflicts.  This field corresponds to the field DISDEST_UNI on the HESIN table; see the Inpatient Data Dictionary (~R141140~) in ~L2000~ for information about the HESIN table.  In order to conduct detailed analyses of this data using the source information, researchers will need to gain access to the HESIN table by adding ~F41259~ to their basket.",High security psychiatric hospital: NHS,Health-related outcomes > Hospital inpatient > Summary Administration,398,178,220,EUR,1,,,,,328,,,,,,411737,,,,,,0.13085,,,,,,0.95786,,categorical-41248-both_sexes-3001.tsv.bgz,categorical-41248-both_sexes-3001.tsv.bgz.tbi,https://pan-ukb-us-east-1.s3.amazonaws.com/sumstats_flat_files/categorical-41248-both_sexes-3001.tsv.bgz,https://pan-ukb-us-east-1.s3.amazonaws.com/sumstats_flat_files_tabix/categorical-41248-both_sexes-3001.tsv.bgz.tbi,wget https://pan-ukb-us-east-1.s3.amazonaws.com/sumstats_flat_files/categorical-41248-both_sexes-3001.tsv.bgz,wget https://pan-ukb-us-east-1.s3.amazonaws.com/sumstats_flat_files_tabix/categorical-41248-both_sexes-3001.tsv.bgz.tbi,525179520,1751242,7afc1242ad0e58adb2dd04251e5b1e17,50ec2289e0ca405d3a1351b02860d83c
3322,categorical,41248,both_sexes,5003,,Destinations on discharge from hospital (recoded),"This field is a summary of the distinct destination on discharge codes a participant has had recorded in their hospital inpatient records. Destination on discharge identifies whether a patient was due to return to their usual place of residence on leaving hospital, or whether they were due to go elsewhere.  Note that the original information was obtained from a variety of external sources, some of which used overlapping and contradictory coding schemes. This field has been re-coded to remove such data conflicts.  This field corresponds to the field DISDEST_UNI on the HESIN table; see the Inpatient Data Dictionary (~R141140~) in ~L2000~ for information about the HESIN table.  In order to conduct detailed analyses of this data using the source information, researchers will need to gain access to the HESIN table by adding ~F41259~ to their basket.","Transfer to other NHS provider: Psychiatry, learning disabilities",Health-related outcomes > Hospital inpatient > Summary Administration,787,402,385,EUR,1,,,,,685,,,,,,411425,,,,,,0.099282,,,,,,0.99612,,categorical-41248-both_sexes-5003.tsv.bgz,categorical-41248-both_sexes-5003.tsv.bgz.tbi,https://pan-ukb-us-east-1.s3.amazonaws.com/sumstats_flat_files/categorical-41248-both_sexes-5003.tsv.bgz,https://pan-ukb-us-east-1.s3.amazonaws.com/sumstats_flat_files_tabix/categorical-41248-both_sexes-5003.tsv.bgz.tbi,wget https://pan-ukb-us-east-1.s3.amazonaws.com/sumstats_flat_files/categorical-41248-both_sexes-5003.tsv.bgz,wget https://pan-ukb-us-east-1.s3.amazonaws.com/sumstats_flat_files_tabix/categorical-41248-both_sexes-5003.tsv.bgz.tbi,533626706,1751693,0a2fb2abbb9295e832b60d7f90bcd520,fedc6557554d77c9be159919dbdb4109
3323,categorical,41248,both_sexes,6000,,Destinations on discharge from hospital (recoded),"This field is a summary of the distinct destination on discharge codes a participant has had recorded in their hospital inpatient records. Destination on discharge identifies whether a patient was due to return to their usual place of residence on leaving hospital, or whether they were due to go elsewhere.  Note that the original information was obtained from a variety of external sources, some of which used overlapping and contradictory coding schemes. This field has been re-coded to remove such data conflicts.  This field corresponds to the field DISDEST_UNI on the HESIN table; see the Inpatient Data Dictionary (~R141140~) in ~L2000~ for information about the HESIN table.  In order to conduct detailed analyses of this data using the source information, researchers will need to gain access to the HESIN table by adding ~F41259~ to their basket.",Transfer within NHS provider,Health-related outcomes > Hospital inpatient > Summary Administration,5312,2457,2855,EUR,1,,,,,4683,,,,,,407892,,,,,,0.15093,,,,,,1.0533,,categorical-41248-both_sexes-6000.tsv.bgz,categorical-41248-both_sexes-6000.tsv.bgz.tbi,https://pan-ukb-us-east-1.s3.amazonaws.com/sumstats_flat_files/categorical-41248-both_sexes-6000.tsv.bgz,https://pan-ukb-us-east-1.s3.amazonaws.com/sumstats_flat_files_tabix/categorical-41248-both_sexes-6000.tsv.bgz.tbi,wget https://pan-ukb-us-east-1.s3.amazonaws.com/sumstats_flat_files/categorical-41248-both_sexes-6000.tsv.bgz,wget https://pan-ukb-us-east-1.s3.amazonaws.com/sumstats_flat_files_tabix/categorical-41248-both_sexes-6000.tsv.bgz.tbi,545436952,1752078,0c362d5b4861379ec445c4f29eda3fad,e0cedfc81ddad604d0070789a2d4f8af
3324,categorical,41248,both_sexes,6001,,Destinations on discharge from hospital (recoded),"This field is a summary of the distinct destination on discharge codes a participant has had recorded in their hospital inpatient records. Destination on discharge identifies whether a patient was due to return to their usual place of residence on leaving hospital, or whether they were due to go elsewhere.  Note that the original information was obtained from a variety of external sources, some of which used overlapping and contradictory coding schemes. This field has been re-coded to remove such data conflicts.  This field corresponds to the field DISDEST_UNI on the HESIN table; see the Inpatient Data Dictionary (~R141140~) in ~L2000~ for information about the HESIN table.  In order to conduct detailed analyses of this data using the source information, researchers will need to gain access to the HESIN table by adding ~F41259~ to their basket.","Transfer within NHS provider: General ward, young physically disabled, A&E",Health-related outcomes > Hospital inpatient > Summary Administration,460,204,256,EUR,1,,,,,420,,,,,,411660,,,,,,0.31485,,,,,,1.002,,categorical-41248-both_sexes-6001.tsv.bgz,categorical-41248-both_sexes-6001.tsv.bgz.tbi,https://pan-ukb-us-east-1.s3.amazonaws.com/sumstats_flat_files/categorical-41248-both_sexes-6001.tsv.bgz,https://pan-ukb-us-east-1.s3.amazonaws.com/sumstats_flat_files_tabix/categorical-41248-both_sexes-6001.tsv.bgz.tbi,wget https://pan-ukb-us-east-1.s3.amazonaws.com/sumstats_flat_files/categorical-41248-both_sexes-6001.tsv.bgz,wget https://pan-ukb-us-east-1.s3.amazonaws.com/sumstats_flat_files_tabix/categorical-41248-both_sexes-6001.tsv.bgz.tbi,528036672,1751738,6cd1dfcb9cd7fe1645f3dfa9be4b3fc9,750c463a9f54fd88094d98817cbe41fa
3325,categorical,41248,both_sexes,6004,,Destinations on discharge from hospital (recoded),"This field is a summary of the distinct destination on discharge codes a participant has had recorded in their hospital inpatient records. Destination on discharge identifies whether a patient was due to return to their usual place of residence on leaving hospital, or whether they were due to go elsewhere.  Note that the original information was obtained from a variety of external sources, some of which used overlapping and contradictory coding schemes. This field has been re-coded to remove such data conflicts.  This field corresponds to the field DISDEST_UNI on the HESIN table; see the Inpatient Data Dictionary (~R141140~) in ~L2000~ for information about the HESIN table.  In order to conduct detailed analyses of this data using the source information, researchers will need to gain access to the HESIN table by adding ~F41259~ to their basket.",Transfer within NHS provider: Surgical specialty,Health-related outcomes > Hospital inpatient > Summary Administration,1263,563,700,EUR,1,,,,,1107,,,,,,411030,,,,,,0.30128,,,,,,0.97992,,categorical-41248-both_sexes-6004.tsv.bgz,categorical-41248-both_sexes-6004.tsv.bgz.tbi,https://pan-ukb-us-east-1.s3.amazonaws.com/sumstats_flat_files/categorical-41248-both_sexes-6004.tsv.bgz,https://pan-ukb-us-east-1.s3.amazonaws.com/sumstats_flat_files_tabix/categorical-41248-both_sexes-6004.tsv.bgz.tbi,wget https://pan-ukb-us-east-1.s3.amazonaws.com/sumstats_flat_files/categorical-41248-both_sexes-6004.tsv.bgz,wget https://pan-ukb-us-east-1.s3.amazonaws.com/sumstats_flat_files_tabix/categorical-41248-both_sexes-6004.tsv.bgz.tbi,537131155,1751959,47ba4f6fa52952537efbb2a8883fe41a,92b1b9d60e37f0475902e65eb3e1c96c
3326,categorical,41248,both_sexes,6005,,Destinations on discharge from hospital (recoded),"This field is a summary of the distinct destination on discharge codes a participant has had recorded in their hospital inpatient records. Destination on discharge identifies whether a patient was due to return to their usual place of residence on leaving hospital, or whether they were due to go elsewhere.  Note that the original information was obtained from a variety of external sources, some of which used overlapping and contradictory coding schemes. This field has been re-coded to remove such data conflicts.  This field corresponds to the field DISDEST_UNI on the HESIN table; see the Inpatient Data Dictionary (~R141140~) in ~L2000~ for information about the HESIN table.  In order to conduct detailed analyses of this data using the source information, researchers will need to gain access to the HESIN table by adding ~F41259~ to their basket.",Transfer within NHS provider: Medical specialty,Health-related outcomes > Hospital inpatient > Summary Administration,2119,901,1218,EUR,1,,,,,1823,,,,,,410432,,,,,,0.15077,,,,,,1.032,,categorical-41248-both_sexes-6005.tsv.bgz,categorical-41248-both_sexes-6005.tsv.bgz.tbi,https://pan-ukb-us-east-1.s3.amazonaws.com/sumstats_flat_files/categorical-41248-both_sexes-6005.tsv.bgz,https://pan-ukb-us-east-1.s3.amazonaws.com/sumstats_flat_files_tabix/categorical-41248-both_sexes-6005.tsv.bgz.tbi,wget https://pan-ukb-us-east-1.s3.amazonaws.com/sumstats_flat_files/categorical-41248-both_sexes-6005.tsv.bgz,wget https://pan-ukb-us-east-1.s3.amazonaws.com/sumstats_flat_files_tabix/categorical-41248-both_sexes-6005.tsv.bgz.tbi,540667348,1751648,01daeb6c5e4156b5ed479aeadd5f7094,138a6ca7f849645b2cf88c0699b5d251
3329,categorical,41248,both_sexes,7001,,Destinations on discharge from hospital (recoded),"This field is a summary of the distinct destination on discharge codes a participant has had recorded in their hospital inpatient records. Destination on discharge identifies whether a patient was due to return to their usual place of residence on leaving hospital, or whether they were due to go elsewhere.  Note that the original information was obtained from a variety of external sources, some of which used overlapping and contradictory coding schemes. This field has been re-coded to remove such data conflicts.  This field corresponds to the field DISDEST_UNI on the HESIN table; see the Inpatient Data Dictionary (~R141140~) in ~L2000~ for information about the HESIN table.  In order to conduct detailed analyses of this data using the source information, researchers will need to gain access to the HESIN table by adding ~F41259~ to their basket.","Nursing, residential care, group home: NHS",Health-related outcomes > Hospital inpatient > Summary Administration,821,407,414,EUR,1,,,,,709,,,,,,411439,,,,,,0.23129,,,,,,0.99629,,categorical-41248-both_sexes-7001.tsv.bgz,categorical-41248-both_sexes-7001.tsv.bgz.tbi,https://pan-ukb-us-east-1.s3.amazonaws.com/sumstats_flat_files/categorical-41248-both_sexes-7001.tsv.bgz,https://pan-ukb-us-east-1.s3.amazonaws.com/sumstats_flat_files_tabix/categorical-41248-both_sexes-7001.tsv.bgz.tbi,wget https://pan-ukb-us-east-1.s3.amazonaws.com/sumstats_flat_files/categorical-41248-both_sexes-7001.tsv.bgz,wget https://pan-ukb-us-east-1.s3.amazonaws.com/sumstats_flat_files_tabix/categorical-41248-both_sexes-7001.tsv.bgz.tbi,534220774,1752010,484bf255f04e11d7811374855a8ea87a,2202d4f574ad5b65c17ba916188c1c5a
3330,categorical,41248,both_sexes,7002,,Destinations on discharge from hospital (recoded),"This field is a summary of the distinct destination on discharge codes a participant has had recorded in their hospital inpatient records. Destination on discharge identifies whether a patient was due to return to their usual place of residence on leaving hospital, or whether they were due to go elsewhere.  Note that the original information was obtained from a variety of external sources, some of which used overlapping and contradictory coding schemes. This field has been re-coded to remove such data conflicts.  This field corresponds to the field DISDEST_UNI on the HESIN table; see the Inpatient Data Dictionary (~R141140~) in ~L2000~ for information about the HESIN table.  In order to conduct detailed analyses of this data using the source information, researchers will need to gain access to the HESIN table by adding ~F41259~ to their basket.","Nursing, residential care, group home: Local Authoritory",Health-related outcomes > Hospital inpatient > Summary Administration,427,182,245,EUR,1,,,,,392,,,,,,411705,,,,,,0.087036,,,,,,0.99836,,categorical-41248-both_sexes-7002.tsv.bgz,categorical-41248-both_sexes-7002.tsv.bgz.tbi,https://pan-ukb-us-east-1.s3.amazonaws.com/sumstats_flat_files/categorical-41248-both_sexes-7002.tsv.bgz,https://pan-ukb-us-east-1.s3.amazonaws.com/sumstats_flat_files_tabix/categorical-41248-both_sexes-7002.tsv.bgz.tbi,wget https://pan-ukb-us-east-1.s3.amazonaws.com/sumstats_flat_files/categorical-41248-both_sexes-7002.tsv.bgz,wget https://pan-ukb-us-east-1.s3.amazonaws.com/sumstats_flat_files_tabix/categorical-41248-both_sexes-7002.tsv.bgz.tbi,526048659,1751448,21f61c04671de86a0fba183fcd950bd0,89d78cb3b3fec73949ecfad2e0b231f1
3331,categorical,41248,both_sexes,7003,,Destinations on discharge from hospital (recoded),"This field is a summary of the distinct destination on discharge codes a participant has had recorded in their hospital inpatient records. Destination on discharge identifies whether a patient was due to return to their usual place of residence on leaving hospital, or whether they were due to go elsewhere.  Note that the original information was obtained from a variety of external sources, some of which used overlapping and contradictory coding schemes. This field has been re-coded to remove such data conflicts.  This field corresponds to the field DISDEST_UNI on the HESIN table; see the Inpatient Data Dictionary (~R141140~) in ~L2000~ for information about the HESIN table.  In order to conduct detailed analyses of this data using the source information, researchers will need to gain access to the HESIN table by adding ~F41259~ to their basket.","Nursing, residential care, group home: Non-NHS",Health-related outcomes > Hospital inpatient > Summary Administration,896,408,488,EUR,1,,,,,807,,,,,,411341,,,,,,0.066299,,,,,,1.0082,,categorical-41248-both_sexes-7003.tsv.bgz,categorical-41248-both_sexes-7003.tsv.bgz.tbi,https://pan-ukb-us-east-1.s3.amazonaws.com/sumstats_flat_files/categorical-41248-both_sexes-7003.tsv.bgz,https://pan-ukb-us-east-1.s3.amazonaws.com/sumstats_flat_files_tabix/categorical-41248-both_sexes-7003.tsv.bgz.tbi,wget https://pan-ukb-us-east-1.s3.amazonaws.com/sumstats_flat_files/categorical-41248-both_sexes-7003.tsv.bgz,wget https://pan-ukb-us-east-1.s3.amazonaws.com/sumstats_flat_files_tabix/categorical-41248-both_sexes-7003.tsv.bgz.tbi,535567652,1751690,dffdeb08a94cb581671a0d57e70e9e96,989c128c67b2008e14162fe8eaa3a8f0
3332,categorical,41248,both_sexes,8002,,Destinations on discharge from hospital (recoded),"This field is a summary of the distinct destination on discharge codes a participant has had recorded in their hospital inpatient records. Destination on discharge identifies whether a patient was due to return to their usual place of residence on leaving hospital, or whether they were due to go elsewhere.  Note that the original information was obtained from a variety of external sources, some of which used overlapping and contradictory coding schemes. This field has been re-coded to remove such data conflicts.  This field corresponds to the field DISDEST_UNI on the HESIN table; see the Inpatient Data Dictionary (~R141140~) in ~L2000~ for information about the HESIN table.  In order to conduct detailed analyses of this data using the source information, researchers will need to gain access to the HESIN table by adding ~F41259~ to their basket.",Other hospital: Non-NHS,Health-related outcomes > Hospital inpatient > Summary Administration,1279,610,669,EUR,1,,,,,1114,,,,,,410981,,,,,,0.050644,,,,,,1.026,,categorical-41248-both_sexes-8002.tsv.bgz,categorical-41248-both_sexes-8002.tsv.bgz.tbi,https://pan-ukb-us-east-1.s3.amazonaws.com/sumstats_flat_files/categorical-41248-both_sexes-8002.tsv.bgz,https://pan-ukb-us-east-1.s3.amazonaws.com/sumstats_flat_files_tabix/categorical-41248-both_sexes-8002.tsv.bgz.tbi,wget https://pan-ukb-us-east-1.s3.amazonaws.com/sumstats_flat_files/categorical-41248-both_sexes-8002.tsv.bgz,wget https://pan-ukb-us-east-1.s3.amazonaws.com/sumstats_flat_files_tabix/categorical-41248-both_sexes-8002.tsv.bgz.tbi,538384759,1751919,510b680cedf4f38effc8a3125a527bac,2776a57ff7b5c4f2034b99bd58419ca8
